name,type,style,cost,vibe
Taco Town,food,tacos,12,lively
Noodle House,food,ramen,18,chill
The Copper Room,bar,cocktails,25,fancy
Corner Pub,bar,beer and trivia,15,lively
Rooftop Lounge,bar,wine and views,30,fancy
Strike Zone,activity,bowling,20,lively
Mic Drop Karaoke,activity,karaoke,15,lively
Putt Putt Palace,activity,mini golf,12,chill
Blue Note Club,music,jazz,20,chill
The Loud Garage,music,live rock,18,lively
Neon Nights,night out,dance club,25,lively
Game Bar Arcade,night out,arcade and drinks,20,lively
